Province,City
اردبیل,اردبیل
اردبیل,اصلاندوز
اردبیل,آبی بیگلو
اردبیل,بیله سوار
اردبیل,پارس آباد
اردبیل,تازه كند
اردبیل,تازه كندانگوت
اردبیل,جعفرآباد
اردبیل,خلخال
اردبیل,رضی
اردبیل,سرعین
اردبیل,عنبران
اردبیل,فخرآباد
اردبیل,كلور
اردبیل,كوراییم
اردبیل,گرمی
اردبیل,گیوی
اردبیل,لاهرود
اردبیل,مرادلو
اردبیل,مشگین شهر
اردبیل,نمین
اردبیل,نیر
اردبیل,هشتجین
اردبیل,هیر
اصفهان,ابریشم
اصفهان,ابوزیدآباد
اصفهان,اردستان
اصفهان,اژیه
اصفهان,اصفهان
اصفهان,افوس
اصفهان,انارك
اصفهان,ایمانشهر
اصفهان,آران وبیدگل
اصفهان,بادرود
اصفهان,باغ بهادران
اصفهان,بافران
اصفهان,برزك
اصفهان,برف انبار
اصفهان,بوئین ومیاندشت
اصفهان,بهاران شهر
اصفهان,بهارستان
اصفهان,پیربكران
اصفهان,تودشك
اصفهان,تیران
اصفهان,جندق
اصفهان,جوزدان
اصفهان,جوشقان وكامو
اصفهان,چادگان
اصفهان,چرمهین
اصفهان,چمگردان
اصفهان,حبیب آباد
اصفهان,حسن آباد
اصفهان,حنا
اصفهان,خالدآباد
اصفهان,خمینی شهر
اصفهان,خوانسار
اصفهان,خور
اصفهان,خوراسگان
اصفهان,خورزوق
اصفهان,داران
اصفهان,دامنه
اصفهان,درچه پیاز
اصفهان,دستگرد
اصفهان,دولت آباد
اصفهان,دهاقان
اصفهان,دهق
اصفهان,دیزیچه
اصفهان,رزوه
اصفهان,رضوانشهر
اصفهان,زاینده رود
اصفهان,زرین شهر
اصفهان,زواره
اصفهان,زیباشهر
اصفهان,سده لنجان
اصفهان,سفیدشهر
اصفهان,سگزی
اصفهان,سمیرم
اصفهان,شاپورآباد
اصفهان,شاهین شهر
اصفهان,شهرضا
اصفهان,طالخونچه
اصفهان,عسگران
اصفهان,علویچه
اصفهان,فرخی
اصفهان,فریدونشهر
اصفهان,فلاورجان
اصفهان,فولادشهر
اصفهان,قمصر
اصفهان,قهجاورستان
اصفهان,قهدریجان
اصفهان,كاشان
اصفهان,كركوند
اصفهان,كلیشادوسودرجان
اصفهان,كمشچه
اصفهان,كمه
اصفهان,كوشك
اصفهان,كوهپایه
اصفهان,كهریزسنگ
اصفهان,گرگاب
اصفهان,گزبرخوار
اصفهان,گلپایگان
اصفهان,گلدشت
اصفهان,گلشن
اصفهان,گلشهر
اصفهان,گوگد
اصفهان,لای بید
اصفهان,مباركه
اصفهان,محمدآباد
اصفهان,مشكات
اصفهان,منظریه
اصفهان,مهاباد
اصفهان,میمه
اصفهان,نائین
اصفهان,نجف آباد
اصفهان,نصرآباد
اصفهان,نطنز
اصفهان,نوش آباد
اصفهان,نیاسر
اصفهان,نیك آباد
اصفهان,ورزنه
اصفهان,ورنامخواست
اصفهان,وزوان
اصفهان,ونك
اصفهان,هرند
البرز,اشتهارد
البرز,آسارا
البرز,تنكمان
البرز,چهارباغ
البرز,سیف آباد
البرز,شهرجدیدهشتگرد
البرز,طالقان
البرز,كرج
البرز,كمال شهر
البرز,كوهسار
البرز,گرمدره
البرز,ماهدشت
البرز,محمدشهر
البرز,مشكین دشت
البرز,نظرآباد
البرز,هشتگرد
ایلام,اركواز
ایلام,ایلام
ایلام,ایوان
ایلام,آبدانان
ایلام,آسمان آباد
ایلام,بدره
ایلام,پهله
ایلام,توحید
ایلام,چوار
ایلام,دره شهر
ایلام,دلگشا
ایلام,دهلران
ایلام,زرنه
ایلام,سراب باغ
ایلام,سرابله
ایلام,صالح آباد
ایلام,لومار
ایلام,مورموری
ایلام,موسیان
ایلام,مهران
ایلام,میمه 
آذربایجان شرقی,اسكو
آذربایجان شرقی,اهر
آذربایجان شرقی,ایلخچی
آذربایجان شرقی,آبش احمد
آذربایجان شرقی,آذرشهر
آذربایجان شرقی,آقكند
آذربایجان شرقی,باسمنج
آذربایجان شرقی,بخشایش
آذربایجان شرقی,بستان آباد
آذربایجان شرقی,بناب
آذربایجان شرقی,بناب جدید
آذربایجان شرقی,تبریز
آذربایجان شرقی,ترك
آذربایجان شرقی,تركمانچای
آذربایجان شرقی,تسوج
آذربایجان شرقی,تیكمه داش
آذربایجان شرقی,جلفا
آذربایجان شرقی,خاروانا
آذربایجان شرقی,خامنه
آذربایجان شرقی,خراجو
آذربایجان شرقی,خسروشهر
آذربایجان شرقی,خمارلو
آذربایجان شرقی,خواجه
آذربایجان شرقی,دوزدوزان
آذربایجان شرقی,زرنق
آذربایجان شرقی,زنوز
آذربایجان شرقی,سراب
آذربایجان شرقی,سردرود
آذربایجان شرقی,سیس
آذربایجان شرقی,سیه رود
آذربایجان شرقی,شبستر
آذربایجان شرقی,شربیان
آذربایجان شرقی,شرفخانه
آذربایجان شرقی,شندآباد
آذربایجان شرقی,شهرجدیدسهند
آذربایجان شرقی,صوفیان
آذربایجان شرقی,عجب شیر
آذربایجان شرقی,قره آغاج
آذربایجان شرقی,كشكسرای
آذربایجان شرقی,كلوانق
آذربایجان شرقی,كلیبر
آذربایجان شرقی,كوزه كنان
آذربایجان شرقی,گوگان
آذربایجان شرقی,لیلان
آذربایجان شرقی,مراغه
آذربایجان شرقی,مرند
آذربایجان شرقی,ملكان
آذربایجان شرقی,ممقان
آذربایجان شرقی,مهربان
آذربایجان شرقی,میانه
آذربایجان شرقی,نظركهریزی
آذربایجان شرقی,وایقان
آذربایجان شرقی,ورزقان
آذربایجان شرقی,هادیشهر
آذربایجان شرقی,هریس
آذربایجان شرقی,هشترود
آذربایجان شرقی,هوراند
آذربایجان شرقی,یامچی
آذربایجان غربی,ارومیه
آذربایجان غربی,اشنویه
آذربایجان غربی,ایواوغلی
آذربایجان غربی,آواجیق
آذربایجان غربی,باروق
آذربایجان غربی,بازرگان
آذربایجان غربی,بوكان
آذربایجان غربی,پلدشت
آذربایجان غربی,پیرانشهر
آذربایجان غربی,تازه شهر
آذربایجان غربی,تكاب
آذربایجان غربی,چهاربرج
آذربایجان غربی,خلیفان
آذربایجان غربی,خوی
آذربایجان غربی,دیزج دیز
آذربایجان غربی,ربط
آذربایجان غربی,سردشت
آذربایجان غربی,سرو
آذربایجان غربی,سلماس
آذربایجان غربی,سیلوانه
آذربایجان غربی,سیمینه
آذربایجان غربی,سیه چشمه
آذربایجان غربی,شاهین دژ
آذربایجان غربی,شوط
آذربایجان غربی,فیرورق
آذربایجان غربی,قره ضیاءالدین
آذربایجان غربی,قطور
آذربایجان غربی,قوشچی
آذربایجان غربی,كشاورز
آذربایجان غربی,گردكشانه
آذربایجان غربی,ماكو
آذربایجان غربی,محمدیار
آذربایجان غربی,محمودآباد
آذربایجان غربی,مهاباد 
آذربایجان غربی,میاندوآب
آذربایجان غربی,میرآباد
آذربایجان غربی,نالوس
آذربایجان غربی,نقده
آذربایجان غربی,نوشین
بوشهر,امام حسن
بوشهر,انارستان
بوشهر,اهرم
بوشهر,آبپخش
بوشهر,آبدان
بوشهر,برازجان
بوشهر,بردخون
بوشهر,بردستان
بوشهر,بندردیر
بوشهر,بندردیلم
بوشهر,بندرریگ
بوشهر,بندركنگان
بوشهر,بندرگناوه
بوشهر,بنك
بوشهر,بوشهر
بوشهر,تنگ ارم
بوشهر,جم
بوشهر,چغادك
بوشهر,خارك
بوشهر,خورموج
بوشهر,دالكی
بوشهر,دلوار
بوشهر,ریز
بوشهر,سعدآباد
بوشهر,سیراف
بوشهر,شبانكاره
بوشهر,شنبه
بوشهر,عسلویه
بوشهر,كاكی
بوشهر,كلمه
بوشهر,نخل تقی
بوشهر,وحدتیه
تهران,ارجمند
تهران,اسلامشهر
تهران,اندیشه
تهران,آبسرد
تهران,آبعلی
تهران,باغستان
تهران,باقرشهر
تهران,بومهن
تهران,پاكدشت
تهران,پردیس
تهران,پیشوا
تهران,تجریش
تهران,تهران
تهران,جوادآباد
تهران,چهاردانگه
تهران,حسن آباد 
تهران,دماوند
تهران,رباط كریم
تهران,رودهن
تهران,ری
تهران,شاهدشهر
تهران,شریف آباد
تهران,شهریار
تهران,صالح آباد 
تهران,صباشهر
تهران,صفادشت
تهران,فردوسیه
تهران,فرون آباد
تهران,فشم
تهران,فیروزكوه
تهران,قدس
تهران,قرچك
تهران,كهریزك
تهران,كیلان
تهران,گلستان
تهران,لواسان
تهران,ملارد
تهران,نسیم شهر
تهران,نصیرآباد
تهران,وحیدیه
تهران,ورامین
چهارمحال وبختیاری,اردل
چهارمحال وبختیاری,آلونی
چهارمحال وبختیاری,باباحیدر
چهارمحال وبختیاری,بروجن
چهارمحال وبختیاری,بلداجی
چهارمحال وبختیاری,بن
چهارمحال وبختیاری,جونقان
چهارمحال وبختیاری,چلگرد
چهارمحال وبختیاری,سامان
چهارمحال وبختیاری,سفیددشت
چهارمحال وبختیاری,سودجان
چهارمحال وبختیاری,سورشجان
چهارمحال وبختیاری,شلمزار
چهارمحال وبختیاری,شهركرد
چهارمحال وبختیاری,طاقانك
چهارمحال وبختیاری,فارسان
چهارمحال وبختیاری,فرادنبه
چهارمحال وبختیاری,فرخ شهر
چهارمحال وبختیاری,كیان
چهارمحال وبختیاری,گندمان
چهارمحال وبختیاری,گهرو
چهارمحال وبختیاری,لردگان
چهارمحال وبختیاری,مال خلیفه
چهارمحال وبختیاری,ناغان
چهارمحال وبختیاری,نافچ
چهارمحال وبختیاری,نقنه
چهارمحال وبختیاری,هفشجان
خراسان جنوبی,ارسك
خراسان جنوبی,اسدیه
خراسان جنوبی,اسفدن
خراسان جنوبی,اسلامیه
خراسان جنوبی,آرین شهر
خراسان جنوبی,آیسك
خراسان جنوبی,بشرویه
خراسان جنوبی,بیرجند
خراسان جنوبی,حاجی آباد
خراسان جنوبی,خضری دشت بیاض
خراسان جنوبی,خوسف
خراسان جنوبی,زهان
خراسان جنوبی,سرایان
خراسان جنوبی,سربیشه
خراسان جنوبی,سه قلعه
خراسان جنوبی,شوسف
خراسان جنوبی,طبس مسینا
خراسان جنوبی,فردوس
خراسان جنوبی,قائن
خراسان جنوبی,قهستان
خراسان جنوبی,گزیك
خراسان جنوبی,محمد شهر
خراسان جنوبی,مود
خراسان جنوبی,نهبندان
خراسان جنوبی,نیمبلوك
خراسان رضوی,احمدآبادصولت
خراسان رضوی,انابد
خراسان رضوی,باجگیران
خراسان رضوی,باخرز
خراسان رضوی,بار
خراسان رضوی,بایگ
خراسان رضوی,بجستان
خراسان رضوی,بردسكن
خراسان رضوی,بیدخت
خراسان رضوی,تایباد
خراسان رضوی,تربت جام
خراسان رضوی,تربت حیدریه
خراسان رضوی,جغتای
خراسان رضوی,جنگل
خراسان رضوی,چاپشلو
خراسان رضوی,چكنه
خراسان رضوی,چناران
خراسان رضوی,خرو
خراسان رضوی,خلیل آباد
خراسان رضوی,خواف
خراسان رضوی,داورزن
خراسان رضوی,درگز
خراسان رضوی,درود
خراسان رضوی,دولت آباد 
خراسان رضوی,رباط سنگ
خراسان رضوی,رشتخوار
خراسان رضوی,رضویه
خراسان رضوی,روداب
خراسان رضوی,ریوش
خراسان رضوی,سبزوار
خراسان رضوی,سرخس
خراسان رضوی,سفیدسنگ
خراسان رضوی,سلامی
خراسان رضوی,سلطان آباد
خراسان رضوی,سنگان
خراسان رضوی,شادمهر
خراسان رضوی,شاندیز
خراسان رضوی,ششتمد
خراسان رضوی,شهرآباد
خراسان رضوی,شهرزو
خراسان رضوی,صالح آباد  
خراسان رضوی,طرقبه
خراسان رضوی,عشق آباد
خراسان رضوی,فرهادگرد
خراسان رضوی,فریمان
خراسان رضوی,فیروزه
خراسان رضوی,فیض آباد
خراسان رضوی,قاسم آباد
خراسان رضوی,قدمگاه
خراسان رضوی,قلندرآباد
خراسان رضوی,قوچان
خراسان رضوی,كاخك
خراسان رضوی,كاریز
خراسان رضوی,كاشمر
خراسان رضوی,كدكن
خراسان رضوی,كلات
خراسان رضوی,كندر
خراسان رضوی,گلمكان
خراسان رضوی,گناباد
خراسان رضوی,لطف آباد
خراسان رضوی,مزدآوند
خراسان رضوی,مشهد
خراسان رضوی,مشهدریزه
خراسان رضوی,ملك آباد
خراسان رضوی,نشتیفان
خراسان رضوی,نصر آباد
خراسان رضوی,نقاب
خراسان رضوی,نوخندان
خراسان رضوی,نیشابور
خراسان رضوی,نیل شهر
خراسان رضوی,همت آباد
خراسان رضوی,یونسی
خراسان شمالی,اسفراین
خراسان شمالی,ایور
خراسان شمالی,آشخانه
خراسان شمالی,بجنورد
خراسان شمالی,پیش قلعه
خراسان شمالی,تیتكانلو
خراسان شمالی,جاجرم
خراسان شمالی,حصارگرمخان
خراسان شمالی,درق
خراسان شمالی,راز
خراسان شمالی,سنخواست
خراسان شمالی,شوقان
خراسان شمالی,شیروان
خراسان شمالی,صفی آباد
خراسان شمالی,فاروج
خراسان شمالی,قاضی
خراسان شمالی,گرمه
خراسان شمالی,لوجلی
خوزستان,اروندكنار
خوزستان,الوان
خوزستان,امیدیه
خوزستان,اندیمشك
خوزستان,اهواز
خوزستان,ایذه
خوزستان,آبادان
خوزستان,آغاجاری
خوزستان,باغ ملك
خوزستان,بستان
خوزستان,بندرامام خمینی
خوزستان,بندرماهشهر
خوزستان,بهبهان
خوزستان,تركالكی
خوزستان,جایزان
خوزستان,جنت مكان
خوزستان,چغامیش
خوزستان,چمران
خوزستان,چوئبده
خوزستان,حر
خوزستان,حسینیه
خوزستان,حمزه
خوزستان,حمیدیه
خوزستان,خرمشهر
خوزستان,دارخوین
خوزستان,دزآب
خوزستان,دزفول
خوزستان,دهدز
خوزستان,رامشیر
خوزستان,رامهرمز
خوزستان,رفیع
خوزستان,زهره
خوزستان,سالند
خوزستان,سردشت 
خوزستان,سماله
خوزستان,سوسنگرد
خوزستان,شادگان
خوزستان,شاوور
خوزستان,شرافت
خوزستان,شوش
خوزستان,شوشتر
خوزستان,شیبان
خوزستان,صالح شهر
خوزستان,صالح مشطط
خوزستان,صفی آباد 
خوزستان,صیدون
خوزستان,قلعه تل
خوزستان,قلعه خواجه
خوزستان,گتوند
خوزستان,گوریه
خوزستان,لالی
خوزستان,مسجدسلیمان
خوزستان,مشراگه
خوزستان,مقاومت
خوزستان,ملاثانی
خوزستان,میانرود
خوزستان,میداود
خوزستان,مینوشهر
خوزستان,ویس
خوزستان,هفتگل
خوزستان,هندیجان
خوزستان,هویزه
زنجان,ابهر
زنجان,ارمغانخانه
زنجان,آب بر
زنجان,چورزق
زنجان,حلب
زنجان,خرمدره
زنجان,دندی
زنجان,زرین آباد
زنجان,زرین رود
زنجان,زنجان
زنجان,سجاس
زنجان,سلطانیه
زنجان,سهرورد
زنجان,صائین قلعه
زنجان,قیدار
زنجان,گرماب
زنجان,ماه نشان
زنجان,هیدج
سمنان,امیریه
سمنان,ایوانكی
سمنان,آرادان
سمنان,بسطام
سمنان,بیارجمند
سمنان,دامغان
سمنان,درجزین
سمنان,دیباج
سمنان,سرخه
سمنان,سمنان
سمنان,شاهرود
سمنان,شهمیرزاد
سمنان,كلاته خیج
سمنان,گرمسار
سمنان,مجن
سمنان,مهدی شهر
سمنان,میامی
سیستان وبلوچستان,ادیمی
سیستان وبلوچستان,اسپكه
سیستان وبلوچستان,ایرانشهر
سیستان وبلوچستان,بزمان
سیستان وبلوچستان,بمپور
سیستان وبلوچستان,بنت
سیستان وبلوچستان,بنجار
سیستان وبلوچستان,پیشین
سیستان وبلوچستان,جالق
سیستان وبلوچستان,چاه بهار
سیستان وبلوچستان,خاش
سیستان وبلوچستان,دوست محمد
سیستان وبلوچستان,راسك
سیستان وبلوچستان,زابل
سیستان وبلوچستان,زابلی
سیستان وبلوچستان,زاهدان
سیستان وبلوچستان,زرآباد
سیستان وبلوچستان,زهك
سیستان وبلوچستان,سراوان
سیستان وبلوچستان,سرباز
سیستان وبلوچستان,سوران
سیستان وبلوچستان,سیركان
سیستان وبلوچستان,علی اكبر
سیستان وبلوچستان,فنوج
سیستان وبلوچستان,قصرقند
سیستان وبلوچستان,كنارك
سیستان وبلوچستان,گشت
سیستان وبلوچستان,گلمورتی
سیستان وبلوچستان,محمدان
سیستان وبلوچستان,محمد آباد
سیستان وبلوچستان,محمدی
سیستان وبلوچستان,میرجاوه
سیستان وبلوچستان,نصرت آباد
سیستان وبلوچستان,نگور
سیستان وبلوچستان,نوك آباد
سیستان وبلوچستان,نیك شهر
سیستان وبلوچستان,هیدوج
فارس,اردكان
فارس,ارسنجان
فارس,استهبان
فارس,اسیر
فارس,اشكنان
فارس,افزر
فارس,اقلید
فارس,امام شهر
فارس,اوز
فارس,اهل
فارس,ایج
فارس,ایزدخواست
فارس,آباده
فارس,آباده طشك
فارس,باب انار
فارس,بالاده
فارس,بنارویه
فارس,بوانات
فارس,بهمن
فارس,بیرم
فارس,بیضا
فارس,جنت شهر
فارس,جویم
فارس,جهرم
فارس,حاجی آباد 
فارس,حسامی
فارس,حسن آباد  
فارس,خانه زنیان
فارس,خاوران
فارس,خرامه
فارس,خشت
فارس,خنج
فارس,خور 
فارس,خومه زار
فارس,داراب
فارس,داریان
فارس,دبیران
فارس,دژكرد
فارس,دوبرجی
فارس,دوزه
فارس,دهرم
فارس,رامجرد
فارس,رونیز
فارس,زاهدشهر
فارس,زرقان
فارس,سده
فارس,سروستان
فارس,سعادت شهر
فارس,سورمق
فارس,سیدان
فارس,ششده
فارس,شهر جدید صدرا
فارس,شهرپیر
فارس,شیراز
فارس,صغاد
فارس,صفاشهر
فارس,علامرودشت
فارس,عمادده
فارس,فدامی
فارس,فراشبند
فارس,فسا
فارس,فیروزآباد
فارس,قادرآباد
فارس,قائمیه
فارس,قطب آباد
فارس,قطرویه
فارس,قیر
فارس,كارزین
فارس,كازرون
فارس,كامفیروز
فارس,كره ای
فارس,كنارتخته
فارس,كوار
فارس,كوهنجان
فارس,گراش
فارس,گله دار
فارس,لار
فارس,لامرد
فارس,لپوئی
فارس,لطیفی
فارس,مبارك آباد
فارس,مرودشت
فارس,مشكان
فارس,مصیری
فارس,مهر
فارس,میمند
فارس,نوبندگان
فارس,نوجین
فارس,نودان
فارس,نورآباد
فارس,نی ریز
فارس,وراوی
فارس,هماشهر
قزوین,ارداق
قزوین,اسفرورین
قزوین,اقبالیه
قزوین,الوند
قزوین,آبگرم
قزوین,آبیك
قزوین,آوج
قزوین,بوئین زهرا
قزوین,بیدستان
قزوین,تاكستان
قزوین,خاكعلی
قزوین,خرمدشت
قزوین,دانسفهان
قزوین,رازمیان
قزوین,سگزآباد
قزوین,سیردان
قزوین,شال
قزوین,شریفیه
قزوین,ضیاءآباد
قزوین,قزوین
قزوین,كوهین
قزوین,محمدیه
قزوین,محمودآبادنمونه
قزوین,معلم كلایه
قزوین,نرجه
قم,جعفریه
قم,دستجرد
قم,سلفچگان
قم,قم
قم,قنوات
قم,كهك
كردستان,آرمرده
كردستان,بابارشانی
كردستان,بانه
كردستان,بلبان آباد
كردستان,بوئین سفلی
كردستان,بیجار
كردستان,چناره
كردستان,دزج
كردستان,دلبران
كردستان,دهگلان
كردستان,دیواندره
كردستان,زرینه
كردستان,سروآباد
كردستان,سریش آباد
كردستان,سقز
كردستان,سنندج
كردستان,شویشه
كردستان,صاحب
كردستان,قروه
كردستان,كامیاران
كردستان,كانی دینار
كردستان,كانی سور
كردستان,مریوان
كردستان,موچش
كردستان,یاسوكند
كرمان,اختیارآباد
كرمان,ارزوئیه
كرمان,امین شهر
كرمان,انار
كرمان,اندوهجرد
كرمان,باغین
كرمان,بافت
كرمان,بردسیر
كرمان,بروات
كرمان,بزنجان
كرمان,بم
كرمان,بهرمان
كرمان,پاریز
كرمان,جبالبارز
كرمان,جوپار
كرمان,جوزم
كرمان,جیرفت
كرمان,چترود
كرمان,خاتون آباد
كرمان,خانوك
كرمان,خورسند
كرمان,درب بهشت
كرمان,دوساری
كرمان,دهج
كرمان,رابر
كرمان,راور
كرمان,راین
كرمان,رفسنجان
كرمان,رودبار
كرمان,ریحان شهر
كرمان,زرند
كرمان,زنگی آباد
كرمان,زیدآباد
كرمان,سرچشمه
كرمان,سیرجان
كرمان,شهداد
كرمان,شهربابك
كرمان,صفائیه
كرمان,عنبرآباد
كرمان,فاریاب
كرمان,فهرج
كرمان,قلعه گنج
كرمان,كاظم آباد
كرمان,كرمان
كرمان,كشكوئیه
كرمان,كوهبنان
كرمان,كهنوج
كرمان,كیانشهر
كرمان,گلباف
كرمان,گلزار
كرمان,لاله زار
كرمان,ماهان
كرمان,محمد آباد 
كرمان,محی آباد
كرمان,مردهك
كرمان,منوجان
كرمان,نجف شهر
كرمان,نرماشیر
كرمان,نظام شهر
كرمان,نگار
كرمان,نودژ
كرمان,هجدك
كرمان,هماشهر 
كرمان,یزدان شهر
كرمانشاه,ازگله
كرمانشاه,اسلام آبادغرب
كرمانشاه,باینگان
كرمانشاه,بیستون
كرمانشاه,پاوه
كرمانشاه,تازه آباد
كرمانشاه,جوانرود
كرمانشاه,حمیل
كرمانشاه,رباط
كرمانشاه,روانسر
كرمانشاه,سرپل ذهاب
كرمانشاه,سرمست
كرمانشاه,سطر
كرمانشاه,سنقر
كرمانشاه,سومار
كرمانشاه,شاهو
كرمانشاه,صحنه
كرمانشاه,قصرشیرین
كرمانشاه,كرمانشاه
كرمانشاه,كرندغرب
كرمانشاه,كنگاور
كرمانشاه,كوزران
كرمانشاه,گهواره
كرمانشاه,گیلانغرب
كرمانشاه,میان راهان
كرمانشاه,نودشه
كرمانشاه,نوسود
كرمانشاه,هرسین
كرمانشاه,هلشی
كهگیلویه وبویراحمد,باشت
كهگیلویه وبویراحمد,پاتاوه
كهگیلویه وبویراحمد,چرام
كهگیلویه وبویراحمد,چیتاب
كهگیلویه وبویراحمد,دوگنبدان
كهگیلویه وبویراحمد,دهدشت
كهگیلویه وبویراحمد,دیشموك
كهگیلویه وبویراحمد,سوق
كهگیلویه وبویراحمد,سی سخت
كهگیلویه وبویراحمد,قلعه رئیسی
كهگیلویه وبویراحمد,گراب سفلی
كهگیلویه وبویراحمد,لنده
كهگیلویه وبویراحمد,لیكك
كهگیلویه وبویراحمد,مادوان
كهگیلویه وبویراحمد,مارگون
كهگیلویه وبویراحمد,یاسوج
گلستان,انبارآلوم
گلستان,اینچه برون
گلستان,آزادشهر
گلستان,آق قلا
گلستان,بندرگز
گلستان,تركمن
گلستان,جلین
گلستان,خان ببین
گلستان,دلند
گلستان,رامیان
گلستان,سرخنكلاته
گلستان,سیمین شهر
گلستان,علی آباد
گلستان,فاضل آباد
گلستان,كردكوی
گلستان,كلاله
گلستان,گالیكش
گلستان,گرگان
گلستان,گمیش تپه
گلستان,گنبد كاووس
گلستان,مراوه تپه
گلستان,مینودشت
گلستان,نگین شهر
گلستان,نوده خاندوز
گلستان,نوكنده
گیلان,احمدسرگوراب
گیلان,اسالم
گیلان,اطاقور
گیلان,املش
گیلان,آستارا
گیلان,آستانه اشرفیه
گیلان,بازارجمعه
گیلان,بره سر
گیلان,بندرانزلی
گیلان,پره سر
گیلان,توتكابن
گیلان,جیرنده
گیلان,چابكسر
گیلان,چاف وچمخاله
گیلان,چوبر
گیلان,حویق
گیلان,خشكبیجار
گیلان,خمام
گیلان,دیلمان
گیلان,رانكوه
گیلان,رحیم آباد
گیلان,رستم آباد
گیلان,رشت
گیلان,رضوانشهر 
گیلان,رودبار 
گیلان,رودبنه
گیلان,رودسر
گیلان,سنگر
گیلان,سیاهكل
گیلان,شفت
گیلان,شلمان
گیلان,صومعه سرا
گیلان,فومن
گیلان,كلاچای
گیلان,كوچصفهان
گیلان,كومله
گیلان,كیاشهر
گیلان,گوراب زرمیخ
گیلان,لاهیجان
گیلان,لشت نشاء
گیلان,لنگرود
گیلان,لوشان
گیلان,لولمان
گیلان,لوندویل
گیلان,لیسار
گیلان,ماسال
گیلان,ماسوله
گیلان,مرجقل
گیلان,منجیل
گیلان,واجارگاه
گیلان,هشتپر
لرستان,ازنا
لرستان,اشترینان
لرستان,الشتر
لرستان,الیگودرز
لرستان,بروجرد
لرستان,پلدختر
لرستان,چالانچولان
لرستان,چغلوندی
لرستان,چقابل
لرستان,خرم آباد
لرستان,درب گنبد
لرستان,دورود
لرستان,زاغه
لرستان,سپیددشت
لرستان,سراب دوره
لرستان,شول آباد
لرستان,فیروز آباد
لرستان,كونانی
لرستان,كوهدشت
لرستان,گراب
لرستان,معمولان
لرستان,مؤمن آباد
لرستان,نور آباد
لرستان,ویسیان
لرستان,هفت چشمه
مازندران,امیركلا
مازندران,ایزدشهر
مازندران,آلاشت
مازندران,آمل
مازندران,بابل
مازندران,بابلسر
مازندران,بلده
مازندران,بهشهر
مازندران,بهنمیر
مازندران,پل سفید
مازندران,پول
مازندران,تنكابن
مازندران,جویبار
مازندران,چالوس
مازندران,چمستان
مازندران,خرم آباد 
مازندران,خلیل شهر
مازندران,خوش رودپی
مازندران,دابودشت
مازندران,رامسر
مازندران,رستمكلا
مازندران,رویان
مازندران,رینه
مازندران,زرگر محله
مازندران,زیرآب
مازندران,ساری
مازندران,سرخرود
مازندران,سلمان شهر
مازندران,سورك
مازندران,شیرگاه
مازندران,شیرود
مازندران,عباس آباد
مازندران,فریدونكنار
مازندران,فریم
مازندران,قائم شهر
مازندران,كتالم وسادات شهر
مازندران,كلارآباد
مازندران,كلاردشت
مازندران,كله بست
مازندران,كوهی خیل
مازندران,كیاسر
مازندران,كیاكلا
مازندران,گتاب
مازندران,گزنك
مازندران,گلوگاه
مازندران,محمود آباد
مازندران,مرزن آباد
مازندران,مرزیكلا
مازندران,نشتارود
مازندران,نكا
مازندران,نور
مازندران,نوشهر
مركزی,اراك
مركزی,آستانه
مركزی,آشتیان
مركزی,پرندك
مركزی,تفرش
مركزی,توره
مركزی,جاورسیان
مركزی,خشكرود
مركزی,خمین
مركزی,خنداب
مركزی,داودآباد
مركزی,دلیجان
مركزی,رازقان
مركزی,زاویه
مركزی,ساروق
مركزی,ساوه
مركزی,سنجان
مركزی,شازند
مركزی,شهرجدیدمهاجران
مركزی,غرق آباد
مركزی,فرمهین
مركزی,قورچی باشی
مركزی,كرهرود
مركزی,كمیجان
مركزی,مأمونیه
مركزی,محلات
مركزی,میلاجرد
مركزی,نراق
مركزی,نوبران
مركزی,نیمور
مركزی,هندودر
هرمزگان,ابوموسی
هرمزگان,بستك
هرمزگان,بندرجاسك
هرمزگان,بندرچارك
هرمزگان,بندرعباس
هرمزگان,بندرلنگه
هرمزگان,بیكاه
هرمزگان,پارسیان
هرمزگان,تخت
هرمزگان,جناح
هرمزگان,حاجی آباد  
هرمزگان,خمیر
هرمزگان,درگهان
هرمزگان,دهبارز
هرمزگان,رویدر
هرمزگان,زیارتعلی
هرمزگان,سردشت بشاگرد
هرمزگان,سرگز
هرمزگان,سندرك
هرمزگان,سوزا
هرمزگان,سیریك
هرمزگان,فارغان
هرمزگان,فین
هرمزگان,قشم
هرمزگان,قلعه قاضی
هرمزگان,كنگ
هرمزگان,كوشكنار
هرمزگان,كیش
هرمزگان,گوهران
هرمزگان,میناب
هرمزگان,هرمز
هرمزگان,هشتبندی
همدان,ازندریان
همدان,اسدآباد
همدان,برزول
همدان,بهار
همدان,تویسركان
همدان,جورقان
همدان,جوكار
همدان,دمق
همدان,رزن
همدان,زنگنه
همدان,سامن
همدان,سركان
همدان,شیرین سو
همدان,صالح آباد   
همدان,فامنین
همدان,فرسفج
همدان,فیروزان
همدان,قروه در جزین
همدان,قهاوند
همدان,كبودرآهنگ
همدان,گل تپه
همدان,گیان
همدان,لالجین
همدان,مریانج
همدان,ملایر
همدان,نهاوند
همدان,همدان
یزد,ابركوه
یزد,احمدآباد
یزد,اردكان 
یزد,اشكذر
یزد,بافق
یزد,بفروئیه
یزد,بهاباد
یزد,تفت
یزد,حمیدیا
یزد,خضرآباد
یزد,دیهوك
یزد,زارچ
یزد,شاهدیه
یزد,طبس
یزد,عشق آباد 
یزد,عقدا
یزد,مروست
یزد,مهردشت
یزد,مهریز
یزد,میبد
یزد,ندوشن
یزد,نیر 
یزد,هرات
یزد,یزد
